titre,genre,nombres_de_jour_tournes,annee,date_debut_evenement,date_fin_evenement,lieu,producteur
Revolucion,CME,2,2014,11/1,12/1,Boulevard du Jeu de Paume,Artfix
Ozo,CME,1,2014,,14/1,Parc Zoologique Lunaret,Esbama
Craks pel Mon,Emission TV,2,2014,15/1,16/1,Comédie Rues de la Loge de l'ancien courrier Jacques d'Aragon Arc de Triomphe Peyrou Antigonne et Faculté de Médecine.,IB3 Production
Reportage sur la Monnaie é Montpellier,Reportage TV,2,2014,9/1,14/1,Rues de la Monnaie devant Eglise Saint-Denis Arrét de tram Du Guesclin.,ACFA Multimédia
Hybris,CME,3,2014,16/12,27/1,Zoo + serre amazonienne,Artfx
First International Symposiom on cancer in person with intellectuel disability,Doc institutionnel,3,2014,5/2,7/2,Salle des rencontres HDV,Produit par l'association
Urban Dog Vision,PUB,1,2014,13/2,ou 14/2,Rive du Lez et rues adjacentes+ HDV (hall+ parvis),Catherine Puyssegur
1 journée au Zoo,Documentaire,3,2014,12/2,27/2,Parc Zoologique Lunaret,
Cash Trip,CME,1,2014,2/2,,Rue de la méditerranée Place J. Jaurés,Studio M
Les carnets de Julie,Emission Tv,3,2014,10/2,13/2,Place de la Comédie Esplanade Hétel de Magnol,3éme éil production
Aurora,CME,1,2014,10/3,14/3,Toit du Corum,Studio M
Ecole franéaise du tram,Pub institutionnelle,4,2014,10/3,14/3,Rue Léon Blum avenue du mondial Bd pasteur cours Gambetta Place de la Comédie Rue Maguelone,Toscane Production
Prise de vues Crédit Agricole,photographies,3,2014,18/3,20/3,Quartier PortMarianne place de Phocée,CAPA Pictures
La nouvelle Arche de Noé_Au céur du Zoo,Documentaire,2,2014,9/3,10/3,Parc Zoologique Lunaret,France television
The one that got away,Emission TV,3,2014,24/3,27/3,Rue Ranchin Georges Café rue de la Loge Place de la Comédie,TV Only
Campagne com Hiver 2014 Orchestra Prémaman baby 2000,shooting Photo,3,2014,26/3,9/4,Jardins du PeyrouPlace de la Canourgue,
sans titre,CME,2,2014,29/3,30/3,Rue de l'amandier,Lycée Jean Monet
Internat Break,CM,3,2014,11/3,25/4,Zoo du Lunaret Rives du Lez Rond Point Pompignane  Marches du Corum,Mathieu Cabannes
Cimetiére St-Lazare_Tombeau d'Alain Cabanel,Documentaire,1,2014,11/3,,VITC,Patrick Violet
Un diner presque parfait,Emission TV,3,2014,26/3,28/3,Place de la Comédie Cathédrale ST Pierre Arc de Triomphe Place Royale du Peyrou Quartier Antigone Nouvelle Mairie Tramway,Studio 89 Productions
Crimes et Botanique,,,2014,18/4,,Rues Terral Eugéne Lisbonne Stanislas Digeon Place du Petit ScelPromenade du Peyrou,Eric Jollant
Longboard PE15,shooting Photo,1,2014,23/4,,Serre Amazonienne,Norprétex
Land Rover Discovery,Catalogue,1,2014,8/4,,Piscine Olympique Antigone,
A proppos de Montpellier,CM documentaire,3,2014,18/3,1/4,Espace M. L. King (bureau de vote),UPV
Court Métrage ICEFPS,CME_USA,1,2014,3/4,4/4,Ancien Hétel de ville,Office du Tourrisme
ITEM,Emission TV,2,2014,1/4,18/4,Interview é la Panacée,
Comédie Musicale,CME,3,2014,11/4,13/4,Médiathéque E. Zola  Place Dyonisos,lycée Louis Feuillade
Dakota Dick,CM,1,2014,courrant avril,,Esplande Corum + 1 salle,TEASER
Fond Européen,Documentaire,1,2014,18/4,,La Panacée école maternelle Florian,France 3
Susi,CME,1,2014,12/4,,,
Le meilleur menu de France,Emission TV,1,2014,22/4,,Terasse du Corum,TF1
Lenz,Film animation,1,2014,4/5,,stade Philipides,SAME ART
City of the Future,Documentaire,2,2014,5/5,10/5,,Michel Chauvin
Campagne de sud de France,Pub TV,1,2014,4/6,,rue de l'ancien Courrier,Gérard Bouysse
Ricard,Pub TV,1,2014,13/6,,Centre ville,RITA
WITT,CME (pub),1,2014,18/6,,Esplanade Charles de Gaulle,ESCA sup
Tornage privé_HDV_Mariage,,1,2014,28/6,,Parvis HDV,
L'addition SVP,Emission TV,3,2014,26/6,4/7,Place de la Canourgue,TF1
Justice,CM,4,2014,2/7,9/7,Rues des bouissettes du Pont de Laverune Violet le Duc arrét Sophie Germain,Arthur Verjux
Orchestra_Prémaman,shooting Photo,1,2014,18/7,,Jardin derriére l' Hétel de ville,Orchestra Premaman
Sursis,MM,3,2014,11/8,13/8,Rues Yehudi Menuhin Claude Serres du Plan de l'Olivier des écoles PiesSalle Pétrarque,Melanie Dagnet
Belle Gueule,CM,1,2014,30/8,,Rue Edmond Halley,Bélinda Leduc
L'essence Humaine,LME,2,2014,20/8,21/8,Rues de la Petite Loge des cyclamédes impasse de L'autan/,Sophie Aédomidis
Fou-rire,CM,1,2014,31/8,,Rue de l'aiguillerie,Leo Attali
Bio 2.0,Documentaire,1,2014,16/9,,,La compagnie des taxi Brousse
La nuit péle,CM fiction,1,2014,12/9,,Salle Rabelais,Cie Nimbus
Sur ton Rythme,CM,2,2014,19/9,21/9,Promenade du Peyrou,JJAM Production
Dynayer,Emission TV,1,2014,28/9,1/10,,Office du Tourrisme
Clip UNSA,Clip vidéo,1,2014,14/10,,Place Tibériade,Organisation syndicale
Orchestra_Catalogue,shooting Photo,2,2014,1/10,8/10,Passerelles de Barons de Caravettes,Orchestra Premaman
Police vie de flic,Documentaire,1,2014,3/10,,Toits d'Antigone Gare Esplanade de l'Europe Place de la Comédie Balcon Opéra Comédie Marché ,Zodiak Média
L'homme clown,CM,2,2014,4/10,5/10,,Art Borigénes Prod
Echappées Belles Hérault,Emission TV,2,2014,7/10,8/10,retour de plage en tram Place de la comédie ruellescentre ville halles Castelane jardin des Plantes port Mariane Bassin Jacques Céur zoo musée,Bo travail Prod
La vraie vie du Pére Noél,Emission TV,3,2014,15/10,21/11,Centre ville Odysseum,Good TV Prodution
French Collection,Emission TV,1,2014,19/10,,Puces Mosson et dimanches brocantes Peyrou,Reef TV Production
Allez 2_charades costumées (MNV),CM,4,2014,19/10,22/10,Hétel de villeMédiathéque Emile Zola Halles Castellanes Esplande Comédie,Foot step Production
Saturday night take aways,Emission TV,1,2014,30/10,,Montpellier centre Millénaire Antigone,ITV Studio France_ Lainé Thomas
Humanimaux,CME,1,2014,3/11,17/11,Zoo Lunaret,Supin focom_ Julien Deparis
48h Film Project Montpellier ,,,2014,,,,Marnie Production
Une vie de chien,CM,3,2014,6/12,8/12,Centre historique Rues du Peyrou du Fuguier J.Jacques Rousseau Palais des Guilhem Delpech,Marion Denivan
Physiks,CME,1,2014,15/12,16/12,EAI,ARTFX
Meurtres é Collioure,Casting,1,2015,,,MPT,
Renaissance,websérie,5,2015,20/1,5/2,lieux privés,Thibaud Roth
Association union pour la promotion des talents Accessibilité aux handicapés,CME,5,2015,26/1,30/1,Place de la canourgues place de la comédie,julien catalano/clotilde/clément borrel
Court Metrage,CM-E,1,2015,,,Centra Rabelais couloir +toilettes,
coiffeurs,TV-E,4,2015,27/1,30/1,,banijayproductions
Making off,CM-E,2,2015,27/1,28/1,rue glaize rue de la monnaierue du collége,
Clip Soprano,Clip-M,1,2015,27/1,29/1,Malbosc,HKCORP
Capitaine Marleau,LM_TV,8,2015,3/2,21/2,"Rues Foch (tribunal), EAI Boulevard des arceaux rue Saint- Louis rue Paladine La colombieres",Passion-films
France Inter,Radio-E,1,2015,4/2,6/2,Salle des rencontress de l'hétel de ville,JC Perrin
Prévention du tabagisme Caméra cachée,TV-spot,4,2015,7/2,3/3,Odysseum Centre historique,Brigade de Prévention délinquance juvénile
Crazy Dates,TV-réalité,100,2015,10/2,,stade Sabathé,Média TV
Speedy,Pub,1,2015,14/2,,Concession Speedy 42 rue Henri Marés,Big Productions
Mordred saison 2: la révolte,websérie,1,2015,14/2,15/2,Salle Pétrarque,
Immersion,CME,2,2015,16/2,17/2,Hétel de ville (bureau +salle adjacente),ARTFX
Open Space,Fiction Interactive,7,2015,15/2,24/2,Antigone Centre Historique Hépitaux_Facultés,Autrement dit Production
Les Jardins d'Auréane,Spot pub,1,2015,27/2,,Parc Montpellierain,Toscane Prod
Projet D,Documentaire,2,2015,27/2,28/2,Centre ville,D. Tejado_ Pernel Média
Pragma_Sogeprom,Pub,1,2015,8/3,,Rue du jeu de Mail_Beau séjour,Prado Production
Kino,CM,1,2015,,8/3,Rue Lunaret,
Baccalaureéat,CME,1,2015,15/3,15/3,Parc de Montmaur,Lycée Notre Dame de Bel Air
Au Bonheur des Tram,CM,2,2015,14/3,15/3,Centres d'Art Beaux Arts Montpellier et autres,2
Cauchemar en cuisine,TV-E,1,2015,16/3,20/3,"Cathédrale Saint Pierre, Arc de Triomphe, Place de la Comédie, Opéra Comédie, Tram , acqueduc Saint Clément, plans de ville",Studio 89 Productions/M6
Excés,CM-E,2,2015,20/3,21/3,Bois de Montmaur,Art FXX Olivier Dobremel
Le casse du siécle,CM-E,1,2015,29/3,,Pavillon populaire,Artfx lucas Tebib
Cite Gagnant,TV-Mag,3,2015,2/4,4/4,"avenue du Mondial 98 1401, Rue du Puech Radier210, Rue Bernard de Treviers 5, Avenue du Louisville 524, Voie communale Grand Mail.",Guillaume Martin/Adamis Prod
Echappez-y,CME,1,2015,3/4,07/04/02015,Rue de la Croix de Lavit,Art Fx Olivier Dobremel
Projet étudiant artfx,CME,1,2015,4/4,,Rue Terral,Artfx Nicolas Cevrero
Emy,CME,1,2015,4/4,4/4,Rue de la Loge,Art Fx Olivier Dobremel
Reportage sur la Psychiatrie,TV-R,1,2015,6/4,,Place de la Comédie,Olivier Pjuelo
Renault Clio RS,Pub,1,2015,10/4,,Rue du Terral,conti sud production
Ora,CME,1,2015,14/4,,Rue du Bras de fer,Ecole Artfx Sandrine Hauducoeur
coaching sportif, TV-R,,2015,15/4,16/4,Parc Montcalm Bassin Jacques Céur bois de Montmaur Parc Méric Domaine de Grammont,TF1 Production
sans titre,CME,2,2015,17/4,18/4,bois de mont Maur,Thimotée Marsande
Dans les yeux,CM,12,2015,10/4,22/4,Place de l'Europe,Marnie Production/Unifrance
Fauntasia,Web doc,1,2015,23/4,23/4,Zoo de Lunaret,Manon DENEPOUX et Axel COHEN
7 jours et 7 nuits é Montpellier,TV-Réalité,1,2015,24/4,,Suivi d'un travailleur social_SAMU,Zodiak Media F. Lacroix
Promesse de Feu,LM-TV (90mn x2),18,2015,27/4,2/7,"EAI ""citadelle Joffre"" port Marianne Prés d'Aréne Saint Lazare Jeu de Paume Ancien HDV Esplanade CDG Gare StRoch Av Lepic Rue du centre ville Foch",ELOA Production
Lexus,Pub,1,2015,28/4,28/4,av du Raymond Dugrand,ant productions
on dirait le sud,CM  ,1,2015,13/5,13/5,quartier Antigone,cosmographe productions
S'abstenir,vidéo clip,1,2015,19/5,19/5,escalier Fédérico Fellini,association All-in
Tissu de mensonges,MM,1,2015,,15/6,alexandre Cabanel,Fantasque
Renault utilitaire,Film Institutionnel,2,2015,30/5,6/6,Rue Andy Wahrol rue du Mas Rouge rue Recouly rue de la Jasse de Maurin rue lumumba ,conti sud production
Renault Clio,Pub,1,2015,2/6,2/6,rue Recouly intérieur concession,conti sud production
l'incroyable Odyssée,web-série,1,2015,22/6,22/6,Parc de Font Colombe,Digital Monkey
Pub Mercedes,Pub,1,2015,2/7,,Place de la Révolution Franéaise,Hanne Evans
Des voix pour la Paix,Reportage ,1,2015,8/7,9/7,Esplande du Peyrou Place Max Rouquette Parvis G. Fréche,Little Big Prod
Da will Hich Him,TV-E Allemande,1,2015,11/7,,Centre ville,SR Ard Production
é Bretzel Chez Fels,Film institutionnel,3,2015,14/7,17/1,Place de la Comédie rue de la Loge Place du nombre d'Or Grand'rue Jean Moulin,O. Torrion
FORD Vignale,Pub,2,2015,27/8,28/8,Bassin Jacques Céur,
Aprés moi le bonheur,Casting ,2,2015,24/8,25/8,Salle Jacques d'Aragon,Capa Drama
Until the End,CM,1,2015,8/9,8/9,Opéra Comédie,Filmmaker Digital
Euro Basquet,Tv-E Finlandaise,2,2015,8/9,9/9,Centre ville Gare Saint-Roch Arena (1jour),Fremantlemedia
Catalogue swimming,Shooting Photo,2,2015,8/9,7/10,Piscine Olympique Antigone,SARL AKOMP/ZEROD
 L'Ami,casting,1,2015,10/9,10/9,Maison pour tous Voltaire,AETERNAM films
Set & Match,Clip  (vidéo Hip Hop),1,2015,15/9,15/9,Parking Saint Roch,
Bébés Volés,LM-TV,2,2015,17/9,22/9,Centre ville Renouvier Place Martyrs de la Résistance rue Foch Peyrou Rue Petite Loge Embouquet d'or des pins,Capa Drama
Bad Cass,Série,3,2015,26/9,3/10,Rue de Rodhes,
Piscine Olympique d'Antigone,Clip vidéo (Trailer_CM_POA),2,2015,30/9,4/10,Piscine Antigone Montpellier (extérieur),
Honor 7,Pub,2,2015,1/10,2/10,EAI,Satellite multimédia
Histoire de Montpellier,Shooting photo,3,2015,4/10,6/10,Opéra Comédie médiathéque Emile Zola Odysseum place de la révolution,
Sécurité routiére,Clip vidéopromotionnel,1,2015,8/10,,Altrad Stadium,MHR-club
48 hours film project,CM concours,3,2015,9/10,11/10,Tout le territoire,Marnie Production
Photographies Cimetiére Saint Lazare,Shooting Photo,1,2015,7/11,,Cimetiére Saint-Lazare,
Photoshooting Médiathéque Emile Zola,Shooting Photo,1,2015,10/10,10/10,Médiathéque Emile Zola,
 French collection: série 3,TV-E,1,2015,18/10,,Peyrou marché de la brocante,Reef Television
Scooter,Pub,2,2015,20/10,21/10,Citadelle Joffre Rue Foch Les quartiers Antigone et Richter,"Band Original . Com ""Loic Parent"""
D'oc Show, TV Web-E,1,2015,24/10,,Esplanade Charles de Gaulle,Stéphane Valentin
Et les violons ne chanteront pas,CM,1,2015,25/10,,Jardin des plantes,
Catalogue les Gazelles,Shooting Photo,1,2015,26/10,,Enceinte du Hall de l'opéra comédie,
Mapping Société générale,Pub,1,2015,27/10,,Parvis du Musée Fabre,Superbien Production
Du satin blanc,LM ,5,2015,28/10,15/11,Rues Centre historique Parvis Rockstore Place de la Canourgue Place de la Comédie Jardin des plantes,Gloria Rodenas
Espérer,Documentaire,2,2015,6/11,7/11,Quartier Mosson_Marché,Multi média France Production (France TV)
Les spectateurs  (Artfix),CME,2,2015,12/11,13/11,Zone en béton dans l'espace clos situé é Grammont é  cété du cimetiére Saint Etienne,Gilbert Kiner
Outside (Artfix),,5,2015,27/11,1/12,Zone en béton dans l'espace clos situé é Grammont é  cété du cimetiére Saint Etienne,
Interview LCL 2015 DDR midi,Film Institutionnel de com. interne,2,2015,16/11,17/11,Rues proches de l'agence au 20 bd Victor Hugo,Agence Take Care
Candice Renoir,Série,2,2015,21/11,30/11,Institut botanique Marches du Corum,Boxeur 7
Destiny-Artfx,CME,1,2015,24/11,,Entrée du bois rue Arthur Young,ARTFX
Soler & Becker (Lazare et Marchal),Série (pilotes: 52mn x2),11,2015,10/12,22/12,Ancien Mess EAI Parc Montcalm,DEMD (grpe Lagardére)
Vidéo Pavillon Populaire_Montpellier your City,CM,1,2015,12/12,,Pavillon Populaire,Montpellier Your city
Je suis meilleure,CM-Web,2,2015,12/12,13/12,Rue Saint Firmin,Redlight
